Movie ID,film
0,avatar
1,avengers: endgame
2,titanic
3,avengers: infinity war
4,the lion king
5,the lion king
6,frozen ii
7,black panther
8,frozen
9,beauty and the beast
10,beauty and the beast
11,incredibles 2
12,iron man 3
13,transformers: dark of the moon
14,skyfall
15,toy story 4
16,star wars: the rise of skywalker
17,joker
18,toy story 3
19,rogue one: a star wars story
20,aladdin
21,aladdin
22,jurassic park
23,alice in wonderland
24,the hobbit: an unexpected journey
25,zootopia
26,the dark knight
27,despicable me 2
28,the hobbit: the desolation of smaug
29,the jungle book
30,finding nemo
31,shrek 2
32,harry potter and the half-blood prince
33,the lord of the rings: the two towers
34,bohemian rhapsody
35,harry potter and the goblet of fire
36,spectre
37,inside out
38,transformers: revenge of the fallen
39,spider-man
40,independence day
41,fantastic beasts and where to find them
42,coco
43,spider-man 2
44,e.t. the extra-terrestrial
45,harry potter and the prisoner of azkaban
46,guardians of the galaxy
47,maleficent
48,x-men: days of future past
49,suicide squad
50,up
51,inception
52,captain america: the winter soldier
53,dawn of the planet of the apes
54,transformers
55,gravity
56,forrest gump
57,doctor strange
58,the sixth sense
59,kung fu panda 2
60,the martian
61,interstellar
62,big hero 6
63,moana
64,sing
65,kung fu panda
66,the incredibles
67,ratatouille
68,the passion of the christ
69,iron man 2
70,life of pi
71,the lost world: jurassic park
72,how to train your dragon 2
73,logan
74,war of the worlds
75,casino royale
76,men in black
77,tangled
78,iron man
79,ready player one
80,the croods
81,fifty shades of grey
82,kong: skull island
83,"monsters, inc."
84,ted
85,puss in boots
86,brave
87,armageddon
88,king kong
89,american sniper
90,cinderella
91,cinderella
92,the revenant
93,wall-e
94,ralph breaks the internet
95,dunkirk
96,ghost
97,terminator 2: judgment day
98,toy story 2
99,sherlock holmes
100,wreck-it ralph
101,twister
102,how to train your dragon
103,shrek
104,war for the planet of the apes
105,maleficent: mistress of evil
106,rio
107,saving private ryan
108,troy
109,home alone
110,charlie and the chocolate factory
111,indiana jones and the last crusade
112,rise of the planet of the apes
113,jaws
114,the lego movie
115,star trek into darkness
116,the matrix
117,cars
118,gladiator
119,the last samurai
120,django unchained
121,pearl harbor
122,tarzan
123,la la land
124,the bourne ultimatum
125,mrs. doubtfire
126,the greatest showman
127,pretty woman
128,a star is born
129,the exorcist
130,cast away
131,dances with wolves
132,the mummy
133,the mummy
134,rain man
135,batman
136,prometheus
137,snow white and the huntsman
138,tron: legacy
139,solo: a star wars story
140,superman returns
141,gone with the wind
142,robin hood: prince of thieves
143,the wolf of wall street
144,grease
145,star trek
146,ice age
147,back to the future
148,happy feet
149,slumdog millionaire
150,my big fat greek wedding
151,the adventures of tintin
152,shark tale
153,mad max: fury road
154,raiders of the lost ark
155,the golden compass
156,gone girl
157,1917
158,true lies
159,toy story
160,a bug's life
161,planet of the apes
162,batman begins
163,minority report
164,top gun
165,american beauty
166,catch me if you can
167,the fugitive
168,the great gatsby
169,dumbo
170,basic instinct
171,the karate kid
172,murder on the orient express
173,the mask
174,mary poppins returns
175,"i, robot"
176,pocahontas
177,trolls
178,wanted
179,close encounters of the third kind
180,enchanted
181,batman forever
182,the rock
183,apollo 13
184,star trek beyond
185,a quiet place
186,indiana jones and the temple of doom
187,back to the future part ii
188,black swan
189,meet the parents
190,the curious case of benjamin button
191,the perfect storm
192,bolt
193,the devil wears prada
194,the hunchback of notre dame
195,robin hood
196,fatal attraction
197,green book
198,a beautiful mind
199,inglourious basterds
200,beverly hills cop
201,air force one
202,as good as it gets
203,knives out
204,wonder
205,the polar express
206,austin powers: the spy who shagged me
207,the pursuit of happyness
208,chicago
209,the blind side
210,skyscraper
211,mulan
212,passengers
213,hook
214,rambo: first blood part ii
215,superman
216,my best friend's wedding
217,stuart little
218,ghostbusters
219,doctor dolittle
220,the green mile
221,salt
222,ferdinand
223,the departed
224,bridesmaids
225,coming to america
226,the sound of music
227,speed
228,saturday night fever
229,shakespeare in love
230,bridget jones's diary
231,beverly hills cop ii
232,the silence of the lambs
233,the nutty professor
234,jerry maguire
235,lincoln
236,the princess and the frog
237,the firm
238,the godfather
239,bambi
240,american gangster
241,batman returns
242,something's gotta give
243,waterworld
244,the truman show
245,the fifth element
246,real steel
247,total recall
248,the full monty
249,the lone ranger
250,blade runner 2049
251,out of africa
252,american hustle
253,erin brockovich
